ENTRADAS:;;
Dado:nPAlV; Chave :0; OP: 1
Dado:PiZJp; Chave :0; OP: 2
Dado:KUPrq; Chave :0; OP: 3
Dado:diVmC; Chave :0; OP: 4
Dado:JdURy; Chave :0; OP: 5
Dado:odnOB; Chave :0; OP: 6
Dado:dZjGK; Chave :0; OP: 7
Dado:UqQkd; Chave :4; OP: 4
Dado:Fdysd; Chave :0; OP: 9
Dado:VsmuF; Chave :9; OP: 1
Dado:uFOch; Chave :9; OP: 2
Dado:rdKpy; Chave :0; OP: 12
Dado:FIdjr; Chave :0; OP: 13
Dado:ndZBp; Chave :0; OP: 14
Dado:yVENl; Chave :13; OP: 2
Dado:oCwUS; Chave :2; OP: 14
Dado:IFdNo; Chave :0; OP: 17
Dado:LERIY; Chave :7; OP: 11
Dado:IwsEC; Chave :4; OP: 15
Dado:KRdmu; Chave :0; OP: 20
Dado:drUgd; Chave :0; OP: 21
Dado:dqnrk; Chave :0; OP: 22
Dado:PRKvS; Chave :0; OP: 23
Dado:FIRHl; Chave :19; OP: 5
Dado:gCyKR; Chave :20; OP: 5
Dado:ULdNa; Chave :0; OP: 26
Dado:oiqnb; Chave :14; OP: 13
Dado:sdNEe; Chave :0; OP: 28
Dado:eIvGN; Chave :13; OP: 16
Dado:aZouK; Chave :29; OP: 1
Dado:QkZOS; Chave :29; OP: 2
Dado:DbqKt; Chave :31; OP: 1
Dado:ZMGvD; Chave :29; OP: 4
Dado:xwdem; Chave :0; OP: 34
Dado:kQijh; Chave :34; OP: 1
Dado:ffmtw; Chave :35; OP: 1
Dado:asagR; Chave :34; OP: 3
Dado:yVjQL; Chave :35; OP: 3
Dado:sIwTS; Chave :4; OP: 35
Dado:BPvpq; Chave :39; OP: 1
Dado:gxrOa; Chave :39; OP: 2
Dado:mVSXZ; Chave :41; OP: 1
Dado:RmPeC; Chave :39; OP: 4
Dado:sjtvI; Chave :39; OP: 5
Dado:IsGfu; Chave :44; OP: 1
Dado:YxNjZ; Chave :39; OP: 7
Dado:PMwHs; Chave :39; OP: 8
Dado:XEFKd; Chave :39; OP: 9
Dado:YLneU; Chave :39; OP: 10
Dado:vKqqP; Chave :49; OP: 1
Dado:oJKOT; Chave :49; OP: 2
Dado:VmKte; Chave :49; OP: 3
Dado:aMOef; Chave :50; OP: 3
Dado:UhQUS; Chave :39; OP: 15
Dado:VQWxe; Chave :41; OP: 14
Dado:RlLFY; Chave :55; OP: 1
Dado:fWOTq; Chave :45; OP: 12
Dado:jKOVi; Chave :49; OP: 9
Dado:KEVgI; Chave :49; OP: 10
Dado:VgFHN; Chave :59; OP: 1
Dado:mileI; Chave :59; OP: 2
Dado:aJOIc; Chave :61; OP: 1
Dado:iSFDP; Chave :49; OP: 14
Dado:XORWr; Chave :63; OP: 1
Dado:utpAi; Chave :63; OP: 2
Dado:lFTWo; Chave :39; OP: 27
Dado:KRWSP; Chave :49; OP: 18
Dado:NjelY; Chave :67; OP: 1
Dado:mkJJZ; Chave :61; OP: 8
Dado:NOieg; Chave :9; OP: 61
Dado:usBgA; Chave :29; OP: 42
Dado:lhysL; Chave :71; OP: 1
Dado:goQEk; Chave :72; OP: 1
Dado:oHtCo; Chave :71; OP: 3
Dado:aIKrD; Chave :74; OP: 1
Dado:IDmfb; Chave :75; OP: 1
Dado:fvUnx; Chave :59; OP: 18
Dado:TFSWX; Chave :39; OP: 39
Dado:IBGRE; Chave :77; OP: 2
Dado:vkPRd; Chave :79; OP: 1
Dado:exTvf; Chave :79; OP: 2
Dado:mZDGX; Chave :79; OP: 3
Dado:UHmGk; Chave :79; OP: 4
Dado:GSJLq; Chave :81; OP: 3
Dado:lnBUG; Chave :79; OP: 6
Dado:gVbAW; Chave :83; OP: 3
Dado:tmFkm; Chave :79; OP: 8
Dado:NXuhv; Chave :87; OP: 1
Dado:RRpgV; Chave :87; OP: 2
Dado:swrOP; Chave :89; OP: 1
Dado:qrecU; Chave :81; OP: 10
Dado:jVWhm; Chave :91; OP: 1
Dado:ZpeKs; Chave :79; OP: 14
Dado:lDZFd; Chave :959; OP: 135
Dado:xiAik; Chave :0; OP: 95
Dado:kOKQY; Chave :974; OP: 122
Dado:eEfXC; Chave :837; OP: 260
Dado:IjPSM; Chave :39; OP: 59
Dado:YpkUp; Chave :575; OP: 524
Dado:nAreO; Chave :99; OP: 1
Dado:FiVbh; Chave :99; OP: 2
Dado:JMcss; Chave :101; OP: 1
Dado:dagQc; Chave :99; OP: 4
Dado:WBpIV; Chave :103; OP: 1
Dado:YZnnx; Chave :99; OP: 6
Dado:KLqdS; Chave :99; OP: 7
Dado:KXGuo; Chave :599; OP: 508
Dado:vJwjt; Chave :107; OP: 1
Dado:CqOLf; Chave :108; OP: 1
Dado:Uojfb; Chave :109; OP: 1
Dado:wnOwi; Chave :109; OP: 2
Dado:ENiBb; Chave :109; OP: 3
Dado:TDLdW; Chave :111; OP: 2
Dado:potNH; Chave :111; OP: 3
Dado:xswdt; Chave :199; OP: 916
Dado:XdTgl; Chave :199; OP: 917
Dado:DUVds; Chave :79; OP: 38
Dado:JZXYO; Chave :79; OP: 39
Dado:DHqxn; Chave :247; OP: 872
Dado:ZoXbL; Chave :119; OP: 1
Dado:ccxwe; Chave :119; OP: 2
Dado:fPkCi; Chave :119; OP: 3
Dado:TitSM; Chave :119; OP: 4
Dado:RjaWG; Chave :123; OP: 1
Dado:SxaRV; Chave :119; OP: 6
Dado:ljAOs; Chave :119; OP: 7
Dado:wPQLt; Chave :119; OP: 8
Dado:MDbFV; Chave :127; OP: 1
Dado:mwchy; Chave :128; OP: 1
Dado:eWbXH; Chave :125; OP: 5
Dado:maMVy; Chave :120; OP: 11
Dado:TameG; Chave :131; OP: 1
Dado:ViGWM; Chave :129; OP: 4
Dado:cPVIt; Chave :119; OP: 15
Dado:PSSUx; Chave :119; OP: 16
Dado:iKgDt; Chave :124; OP: 12
Dado:SFvRB; Chave :579; OP: 558
Dado:OMVIr; Chave :137; OP: 1
Dado:OxQGH; Chave :879; OP: 260
Dado:jjsSd; Chave :139; OP: 1
Dado:BZQMh; Chave :139; OP: 2
Dado:JOZHn; Chave :139; OP: 3
Dado:Lsoms; Chave :139; OP: 4
Dado:nfWRm; Chave :139; OP: 5
Dado:nWfCv; Chave :139; OP: 6
Dado:eXXrS; Chave :143; OP: 3
Dado:vTCIj; Chave :103; OP: 44
Dado:vJYcv; Chave :147; OP: 1
Dado:CiWYJ; Chave :44; OP: 105
Dado:vKcHF; Chave :149; OP: 1
Dado:ESqIw; Chave :150; OP: 1
Dado:rDLko; Chave :151; OP: 1
Dado:gueeE; Chave :150; OP: 3
Dado:hoSwR; Chave :151; OP: 3
Dado:ciYVL; Chave :154; OP: 1
Dado:brqJC; Chave :435; OP: 721
Dado:ntHrr; Chave :719; OP: 438
Dado:mydfA; Chave :899; OP: 259
Dado:diagB; Chave :499; OP: 660
Dado:ANXAN; Chave :159; OP: 1
Dado:UHDsp; Chave :159; OP: 2
Dado:ZhQJT; Chave :159; OP: 3
Dado:avvCN; Chave :627; OP: 536
Dado:SGEXS; Chave :616; OP: 548
Dado:MQVnS; Chave :381; OP: 784
Dado:YUckJ; Chave :934; OP: 232
Dado:yJtuy; Chave :663; OP: 504
Dado:LBIgj; Chave :167; OP: 1
Dado:pXgOa; Chave :167; OP: 2
Dado:fJBOT; Chave :167; OP: 3
Dado:lvaVs; Chave :167; OP: 4
Dado:ympmU; Chave :167; OP: 5
Dado:qIMBe; Chave :172; OP: 1
Dado:aCxRA; Chave :879; OP: 295
Dado:KEQAS; Chave :174; OP: 1
Dado:DRejK; Chave :175; OP: 1
Dado:QHvsK; Chave :175; OP: 2
Dado:LokqW; Chave :651; OP: 527
Dado:HFtqf; Chave :639; OP: 540
Dado:OlsQZ; Chave :179; OP: 1
Dado:STAuh; Chave :179; OP: 2
Dado:Olsqw; Chave :179; OP: 3
Dado:JawcU; Chave :181; OP: 2
Dado:QHpoa; Chave :183; OP: 1
Dado:XLvZZ; Chave :183; OP: 2
Dado:JBLfq; Chave :183; OP: 3
Dado:EmhZk; Chave :183; OP: 4
Dado:gGCRn; Chave :970; OP: 218
Dado:WPAQs; Chave :399; OP: 790
Dado:iBSOI; Chave :189; OP: 1
Dado:eiNRk; Chave :189; OP: 2
Dado:HXHJP; Chave :191; OP: 1
Dado:BOUSC; Chave :189; OP: 4
Dado:WHgyR; Chave :191; OP: 3
Dado:lIeno; Chave :283; OP: 912
Dado:mSDmw; Chave :195; OP: 1
Dado:baCmc; Chave :901; OP: 296
Dado:QMisH; Chave :884; OP: 314
Dado:TfNQM; Chave :303; OP: 896
Dado:RKlBg; Chave :199; OP: 1
Dado:nDZQj; Chave :199; OP: 2
Dado:PNiCC; Chave :199; OP: 3
Dado:dGpLh; Chave :199; OP: 4
Dado:PigHJ; Chave :199; OP: 5
Dado:itZMJ; Chave :199; OP: 6
Dado:YorKy; Chave :205; OP: 1
Dado:ZxTCi; Chave :199; OP: 8
Dado:HCCFS; Chave :207; OP: 1
Dado:OdDON; Chave :199; OP: 10
Dado:fVdcZ; Chave :199; OP: 11
Dado:HJVej; Chave :207; OP: 4
Dado:fRSYM; Chave :211; OP: 1
Dado:JhKlo; Chave :199; OP: 14
Dado:eqNYT; Chave :213; OP: 1
Dado:sEYfo; Chave :214; OP: 1
Dado:djRri; Chave :199; OP: 17
Dado:IdJln; Chave :199; OP: 18
Dado:eiSlh; Chave :214; OP: 4
Dado:XftYQ; Chave :215; OP: 4
Dado:vBAcZ; Chave :219; OP: 1
Dado:DyseM; Chave :219; OP: 2
Dado:bivRg; Chave :219; OP: 3
Dado:JInog; Chave :219; OP: 4
Dado:uCbiK; Chave :221; OP: 3
Dado:OyaPg; Chave :222; OP: 3
Dado:Uycok; Chave :214; OP: 12
Dado:AxYPr; Chave :199; OP: 28
Dado:nxjQS; Chave :199; OP: 29
Dado:BdpaD; Chave :199; OP: 30
Dado:qwZhx; Chave :229; OP: 1
Dado:PFHKP; Chave :199; OP: 32
Dado:tDrbJ; Chave :231; OP: 1
Dado:qXgxt; Chave :231; OP: 2
Dado:aXKBA; Chave :199; OP: 35
Dado:spZXL; Chave :199; OP: 36
Dado:TOeAY; Chave :235; OP: 1
Dado:ZkClG; Chave :209; OP: 28
Dado:otgVZ; Chave :227; OP: 11
Dado:OGGAo; Chave :238; OP: 1
Dado:pZNHb; Chave :239; OP: 1
Dado:XOxbB; Chave :239; OP: 2
Dado:Rmmvq; Chave :241; OP: 1
Dado:QWExg; Chave :242; OP: 1
Dado:kRShB; Chave :241; OP: 3
Dado:nmLAm; Chave :239; OP: 6
Dado:vtiAF; Chave :239; OP: 7
Dado:wWryC; Chave :241; OP: 6
Dado:TMVSB; Chave :247; OP: 1
Dado:AuXei; Chave :239; OP: 10
Dado:sKBII; Chave :249; OP: 1
Dado:KZgdt; Chave :249; OP: 2
Dado:AKFSc; Chave :249; OP: 3
Dado:Kifof; Chave :249; OP: 4
Dado:eRVHx; Chave :251; OP: 3
Dado:Oulbw; Chave :243; OP: 12
Dado:DwDRb; Chave :255; OP: 1
Dado:ExlBG; Chave :239; OP: 18
Dado:QBIsW; Chave :257; OP: 1
Dado:avXDe; Chave :247; OP: 12
Dado:QFNNP; Chave :259; OP: 1
Dado:RiBot; Chave :259; OP: 2
Dado:FKElG; Chave :249; OP: 13
Dado:CeYHO; Chave :262; OP: 1
Dado:mXuBL; Chave :263; OP: 1
Dado:SrHyy; Chave :263; OP: 2
Dado:QvltG; Chave :263; OP: 3
Dado:XlBnq; Chave :263; OP: 4
Dado:beBGt; Chave :267; OP: 1
Dado:COLyf; Chave :267; OP: 2
Dado:kRisn; Chave :269; OP: 1
Dado:kYMwV; Chave :270; OP: 1
Dado:kZKiP; Chave :249; OP: 23
Dado:TUtGG; Chave :239; OP: 34
Dado:hHisN; Chave :239; OP: 35
Dado:giUZd; Chave :274; OP: 1
Dado:gUiNh; Chave :274; OP: 2
Dado:cBokO; Chave :273; OP: 4
Dado:wMELW; Chave :246; OP: 32
Dado:JDGTg; Chave :271; OP: 8
Dado:pxWfO; Chave :279; OP: 1
Dado:CyDOP; Chave :275; OP: 6
Dado:lUvKK; Chave :239; OP: 43
Dado:DTHBq; Chave :263; OP: 20
Dado:gTuOR; Chave :283; OP: 1
Dado:OysUL; Chave :284; OP: 1
Dado:QRSyE; Chave :285; OP: 1
Dado:mskhc; Chave :244; OP: 43
Dado:XMXHM; Chave :287; OP: 1
Dado:HakcN; Chave :287; OP: 2
Dado:fsIAt; Chave :289; OP: 1
Dado:FDcLA; Chave :239; OP: 52
Dado:rJans; Chave :291; OP: 1
Dado:XynfV; Chave :279; OP: 14
Dado:iHqCI; Chave :279; OP: 15
Dado:ADHDE; Chave :239; OP: 56
Dado:HjNsI; Chave :295; OP: 1
Dado:GtVrL; Chave :295; OP: 2
Dado:pXtUA; Chave :295; OP: 3
Dado:iOYdF; Chave :254; OP: 45
Dado:YLKZg; Chave :299; OP: 1
Dado:dogYM; Chave :299; OP: 2
Dado:REwSn; Chave :301; OP: 1
Dado:sbZrR; Chave :299; OP: 4
Dado:SuRLR; Chave :301; OP: 3
Dado:wWuAn; Chave :300; OP: 5
Dado:NCQUP; Chave :305; OP: 1
Dado:jYmDv; Chave :305; OP: 2
Dado:KtOkL; Chave :299; OP: 9
Dado:Rsnjy; Chave :299; OP: 10
Dado:kgntV; Chave :309; OP: 1
Dado:FgoQT; Chave :309; OP: 2
Dado:CvrkR; Chave :283; OP: 29
Dado:GoZlo; Chave :289; OP: 24
Dado:MBMIe; Chave :313; OP: 1
Dado:CUulQ; Chave :314; OP: 1
Dado:cNNlP; Chave :315; OP: 1
Dado:rnRDn; Chave :279; OP: 38
Dado:EEFQO; Chave :269; OP: 49
Dado:pcSDj; Chave :303; OP: 16
Dado:xrcmb; Chave :319; OP: 1
Dado:DsLCS; Chave :319; OP: 2
Dado:JFJrC; Chave :319; OP: 3
Dado:YGutC; Chave :322; OP: 1
Dado:EHseH; Chave :319; OP: 5
Dado:PGcxt; Chave :319; OP: 6
Dado:bcqEa; Chave :325; OP: 1
Dado:yihns; Chave :319; OP: 8
Dado:pELxl; Chave :327; OP: 1
Dado:grTIS; Chave :327; OP: 2
Dado:asVqv; Chave :329; OP: 1
Dado:RhcOe; Chave :271; OP: 60
Dado:EStge; Chave :331; OP: 1
Dado:jpTcv; Chave :247; OP: 86
Dado:ONkLF; Chave :333; OP: 1
Dado:JgaCt; Chave :333; OP: 2
Dado:ofXyN; Chave :335; OP: 1
Dado:JgaAy; Chave :333; OP: 4
Dado:CJodb; Chave :337; OP: 1
Dado:EqWoH; Chave :338; OP: 1
Dado:WbZyb; Chave :339; OP: 1
Dado:NViOw; Chave :339; OP: 2
Dado:cKSbP; Chave :274; OP: 68
Dado:SyejE; Chave :342; OP: 1
Dado:QIXbI; Chave :343; OP: 1
Dado:JhrqX; Chave :343; OP: 2
Dado:eVhvG; Chave :343; OP: 3
Dado:ujIrV; Chave :345; OP: 2
Dado:ctKTu; Chave :299; OP: 49
Dado:PgDHM; Chave :319; OP: 30
Dado:KMrqg; Chave :349; OP: 1
Dado:COkaI; Chave :350; OP: 1
Dado:rhCIR; Chave :351; OP: 1
Dado:VKSMB; Chave :349; OP: 4
Dado:Nqomg; Chave :353; OP: 1
Dado:UcZeL; Chave :349; OP: 6
Dado:KfcvH; Chave :349; OP: 7
Dado:uLGjO; Chave :331; OP: 26
Dado:WVwhK; Chave :357; OP: 1
Dado:qawkR; Chave :358; OP: 1
Dado:iYXmh; Chave :359; OP: 1
Dado:hFplD; Chave :359; OP: 2
Dado:UtLWM; Chave :359; OP: 3
Dado:wtZIx; Chave :359; OP: 4
Dado:VAhfZ; Chave :359; OP: 5
Dado:YxMKq; Chave :359; OP: 6
Dado:XTPeB; Chave :359; OP: 7
Dado:ODWPe; Chave :363; OP: 4
Dado:lQBQR; Chave :367; OP: 1
Dado:mYEHk; Chave :368; OP: 1
Dado:MSFUo; Chave :369; OP: 1
Dado:Poanw; Chave :359; OP: 12
Dado:ATQNX; Chave :259; OP: 113
Dado:uKXcs; Chave :199; OP: 174
Dado:oHOuk; Chave :367; OP: 7
Dado:KUACH; Chave :374; OP: 1
Dado:RHEVA; Chave :375; OP: 1
Dado:TRMGP; Chave :375; OP: 2
Dado:HkkfL; Chave :327; OP: 51
Dado:ZLofR; Chave :239; OP: 140
Dado:atAqo; Chave :379; OP: 1
Dado:kstaJ; Chave :379; OP: 2
Dado:EAlds; Chave :379; OP: 3
Dado:Xtppm; Chave :295; OP: 88
Dado:xscMJ; Chave :199; OP: 185
Dado:sWMrP; Chave :384; OP: 1
Dado:fSyyZ; Chave :385; OP: 1
Dado:rXgnj; Chave :295; OP: 92
Dado:utkpP; Chave :203; OP: 185
Dado:kOYoZ; Chave :316; OP: 73
Dado:QsjZp; Chave :389; OP: 1
Dado:rKBoM; Chave :299; OP: 92
Dado:LfGZy; Chave :391; OP: 1
Dado:qvXKy; Chave :391; OP: 2
Dado:VuWLw; Chave :393; OP: 1
Dado:udmqK; Chave :299; OP: 96
Dado:EeTgU; Chave :395; OP: 1
Dado:UVbaQ; Chave :379; OP: 18
Dado:wRQqm; Chave :397; OP: 1
Dado:aaoOd; Chave :398; OP: 1
Dado:pyKiB; Chave :399; OP: 1
Dado:ePPqt; Chave :399; OP: 2
Dado:xiYSP; Chave :399; OP: 3
Dado:aCaCX; Chave :402; OP: 1
Dado:mtdUF; Chave :399; OP: 5
Dado:sWQrl; Chave :404; OP: 1
Dado:ydJTZ; Chave :399; OP: 7
Dado:SPUHm; Chave :399; OP: 8
Dado:AXxEC; Chave :399; OP: 9
Dado:jYdcp; Chave :399; OP: 10
Dado:Aerxy; Chave :409; OP: 1
Dado:HtKwU; Chave :399; OP: 12
Dado:yZEWv; Chave :409; OP: 3
Dado:APpbZ; Chave :399; OP: 14
Dado:qdDmX; Chave :399; OP: 15
Dado:HdkZn; Chave :399; OP: 16
Dado:jZndP; Chave :399; OP: 17
Dado:vJXaw; Chave :415; OP: 2
Dado:QMgaP; Chave :410; OP: 8
Dado:yGmfc; Chave :418; OP: 1
Dado:bMJxP; Chave :403; OP: 17
Dado:iLPSp; Chave :399; OP: 22
Dado:Apitf; Chave :399; OP: 23
Dado:xCnOC; Chave :399; OP: 24
Dado:tvbFC; Chave :423; OP: 1
Dado:EGKPJ; Chave :424; OP: 1
Dado:httED; Chave :423; OP: 3
Dado:AsSxb; Chave :424; OP: 3
Dado:TaoWY; Chave :427; OP: 1
Dado:JuBcf; Chave :427; OP: 2
Dado:NqtBK; Chave :423; OP: 7
Dado:KHQcV; Chave :399; OP: 32
Dado:lpCfd; Chave :431; OP: 1
Dado:Opmae; Chave :431; OP: 2
Dado:BDYcT; Chave :431; OP: 3
Dado:oGrtW; Chave :433; OP: 2
Dado:SEOyF; Chave :432; OP: 4
Dado:oTawd; Chave :427; OP: 10
Dado:rfegE; Chave :427; OP: 11
Dado:EhtTx; Chave :415; OP: 24
Dado:yxanW; Chave :439; OP: 1
Dado:upnIm; Chave :439; OP: 2
Dado:uOPVR; Chave :439; OP: 3
Dado:waPcn; Chave :439; OP: 4
Dado:XFmwk; Chave :439; OP: 5
Dado:weJAM; Chave :405; OP: 40
Dado:BpFAU; Chave :439; OP: 7
Dado:ZIxyw; Chave :399; OP: 48
Dado:jnZob; Chave :399; OP: 49
Dado:prPEN; Chave :439; OP: 10
Dado:vUslL; Chave :449; OP: 1
Dado:niwcy; Chave :449; OP: 2
Dado:lYGtx; Chave :451; OP: 1
Dado:WwYMC; Chave :416; OP: 37
Dado:eiUSd; Chave :424; OP: 30
Dado:YUkJc; Chave :454; OP: 1
Dado:rgDwZ; Chave :455; OP: 1
Dado:cqXqI; Chave :455; OP: 2
Dado:NKujr; Chave :449; OP: 9
Dado:rByVC; Chave :403; OP: 56
Dado:sVrDn; Chave :459; OP: 1
Dado:SDEaa; Chave :435; OP: 26
Dado:LdJPs; Chave :399; OP: 63
Dado:HJfyJ; Chave :455; OP: 8
Dado:mGyvm; Chave :418; OP: 46
Dado:UcGID; Chave :464; OP: 1
Dado:qVWBN; Chave :465; OP: 1
Dado:ygmxy; Chave :466; OP: 1
Dado:QDyDJ; Chave :467; OP: 1
Dado:TRgEe; Chave :463; OP: 6
Dado:MFItg; Chave :469; OP: 1
Dado:JWAgi; Chave :469; OP: 2
Dado:ofLxF; Chave :471; OP: 1
Dado:foLZl; Chave :471; OP: 2
Dado:Nucjt; Chave :473; OP: 1
Dado:gGKnq; Chave :474; OP: 1
Dado:KwWuo; Chave :474; OP: 2
Dado:umKMY; Chave :474; OP: 3
Dado:uaIqy; Chave :476; OP: 2
Dado:Mrskq; Chave :469; OP: 10
Dado:EnHRF; Chave :479; OP: 1
Dado:FGTFp; Chave :479; OP: 2
Dado:PHIFh; Chave :479; OP: 3
Dado:pxCnr; Chave :479; OP: 4
Dado:YLFYq; Chave :479; OP: 5
Dado:CGiMS; Chave :484; OP: 1
Dado:wJPYL; Chave :479; OP: 7
Dado:xLhlR; Chave :479; OP: 8
Dado:ylBJY; Chave :487; OP: 1
Dado:trWoZ; Chave :487; OP: 2
Dado:iNGfj; Chave :489; OP: 1
Dado:hfocm; Chave :487; OP: 4
Dado:plNJJ; Chave :487; OP: 5
Dado:nlGln; Chave :479; OP: 14
Dado:yqNwd; Chave :493; OP: 1
Dado:kuiEG; Chave :494; OP: 1
Dado:fmHYB; Chave :495; OP: 1
Dado:TpWaM; Chave :495; OP: 2
Dado:iYGPg; Chave :494; OP: 4
Dado:wkgfM; Chave :498; OP: 1
Dado:dUadj; Chave :499; OP: 1
Dado:dKwLq; Chave :499; OP: 2
Dado:dwKYp; Chave :499; OP: 3
Dado:BBBVC; Chave :495; OP: 8
Dado:XwkAw; Chave :503; OP: 1
Dado:Mpyqr; Chave :503; OP: 2
Dado:dgUCx; Chave :499; OP: 7
Dado:diofa; Chave :499; OP: 8
Dado:cEDTX; Chave :507; OP: 1
Dado:wtJym; Chave :495; OP: 14
Dado:aIioS; Chave :504; OP: 6
Dado:ZXEYm; Chave :479; OP: 32
Dado:JhaEd; Chave :511; OP: 1
Dado:HkgTl; Chave :511; OP: 2
Dado:yjpod; Chave :511; OP: 3
Dado:qQyiX; Chave :512; OP: 3
Dado:lVcgA; Chave :511; OP: 5
Dado:pEOiR; Chave :511; OP: 6
Dado:UCdlH; Chave :499; OP: 19
Dado:midnk; Chave :499; OP: 20
Dado:xLGQS; Chave :519; OP: 1
Dado:NRxvQ; Chave :519; OP: 2
Dado:yPYMC; Chave :519; OP: 3
Dado:fFDKg; Chave :519; OP: 4
Dado:xGeQf; Chave :519; OP: 5
Dado:MiAvr; Chave :524; OP: 1
Dado:BfnNb; Chave :519; OP: 7
Dado:UsdmP; Chave :499; OP: 28
Dado:GnRrO; Chave :419; OP: 109
Dado:qcCsA; Chave :528; OP: 1
Dado:AtXXh; Chave :519; OP: 11
Dado:inZBe; Chave :499; OP: 32
Dado:TZZSk; Chave :399; OP: 133
Dado:BTPnu; Chave :519; OP: 14
Dado:idiXF; Chave :499; OP: 35
Dado:NdlqB; Chave :399; OP: 136
Dado:XsWJB; Chave :439; OP: 97
Dado:TydUc; Chave :399; OP: 138
Dado:ynBAb; Chave :459; OP: 79
Dado:wQeAx; Chave :538; OP: 1
Dado:VivUy; Chave :539; OP: 1
Dado:NiBUa; Chave :539; OP: 2
Dado:pNNjb; Chave :407; OP: 135
Dado:ibQPi; Chave :489; OP: 54
Dado:bStTQ; Chave :543; OP: 1
Dado:vNVBj; Chave :543; OP: 2
Dado:EfChX; Chave :545; OP: 1
Dado:XHOxu; Chave :543; OP: 4
Dado:QMpXl; Chave :543; OP: 5
Dado:EYYjQ; Chave :548; OP: 1
Dado:yKrWW; Chave :549; OP: 1
Dado:pNhvy; Chave :543; OP: 8
Dado:pIMKv; Chave :551; OP: 1
Dado:XGcqI; Chave :551; OP: 2
Dado:aZuNT; Chave :409; OP: 145
Dado:ADRIh; Chave :439; OP: 116
Dado:DqmkR; Chave :555; OP: 1
Dado:GRySd; Chave :461; OP: 96
Dado:jSyOl; Chave :557; OP: 1
Dado:gyFSa; Chave :409; OP: 150
Dado:nXCbU; Chave :559; OP: 1
Dado:PWogR; Chave :559; OP: 2
Dado:naDZX; Chave :559; OP: 3
Dado:jQuYw; Chave :561; OP: 2
Dado:NFVFn; Chave :559; OP: 5
Dado:bcRNs; Chave :563; OP: 2
Dado:lZIGl; Chave :559; OP: 7
Dado:sXXdD; Chave :559; OP: 8
Dado:tBgrn; Chave :567; OP: 1
Dado:JQHHo; Chave :567; OP: 2
Dado:RQUIN; Chave :569; OP: 1
Dado:CMOsj; Chave :560; OP: 11
Dado:olwPH; Chave :571; OP: 1
Dado:FmpRV; Chave :559; OP: 14
Dado:GJQqL; Chave :573; OP: 1
Dado:jZrUX; Chave :559; OP: 16
Dado:YpkTP; Chave :575; OP: 1
Dado:vHjrS; Chave :575; OP: 2
Dado:QAhLL; Chave :559; OP: 19
Dado:SYnOD; Chave :569; OP: 10
Dado:QtiRI; Chave :579; OP: 1
Dado:amakc; Chave :580; OP: 1
Dado:DaipY; Chave :579; OP: 3
Dado:ZkBNR; Chave :579; OP: 4
Dado:Rlrnf; Chave :583; OP: 1
Dado:RGQCo; Chave :581; OP: 4
Dado:iBjfT; Chave :579; OP: 7
Dado:uYxhu; Chave :559; OP: 28
Dado:CxYiR; Chave :559; OP: 29
Dado:jnZLX; Chave :399; OP: 190
Dado:wiRfs; Chave :589; OP: 1
Dado:yFaqW; Chave :589; OP: 2
Dado:fvHoh; Chave :591; OP: 1
Dado:STVGo; Chave :591; OP: 2
Dado:MBuhK; Chave :593; OP: 1
Dado:qaqMJ; Chave :592; OP: 3
Dado:mBeqw; Chave :593; OP: 3
Dado:JCiPr; Chave :589; OP: 8
Dado:TjwCy; Chave :575; OP: 23
Dado:QOOrn; Chave :520; OP: 79
Dado:aXdYV; Chave :599; OP: 1
Dado:HdqFv; Chave :599; OP: 2
Dado:xQiQB; Chave :599; OP: 3
Dado:yLdmm; Chave :599; OP: 4
Dado:AxMyL; Chave :599; OP: 5
Dado:FPQIC; Chave :599; OP: 6
Dado:kdbHp; Chave :599; OP: 7
Dado:TiPNL; Chave :599; OP: 8
Dado:OypfT; Chave :607; OP: 1
Dado:NOTRd; Chave :607; OP: 2
Dado:PMngm; Chave :599; OP: 11
Dado:KoXgT; Chave :599; OP: 12
Dado:BeRVJ; Chave :611; OP: 1
Dado:Ulxem; Chave :599; OP: 14
Dado:VwGTK; Chave :613; OP: 1
Dado:adlrW; Chave :599; OP: 16
Dado:otdWi; Chave :599; OP: 17
Dado:vHbUi; Chave :607; OP: 10
Dado:AQJKF; Chave :609; OP: 9
Dado:wPimy; Chave :599; OP: 20
Dado:rRACQ; Chave :619; OP: 1
Dado:NABTQ; Chave :619; OP: 2
Dado:lmUfw; Chave :619; OP: 3
Dado:aFNRR; Chave :619; OP: 4
Dado:HGMIT; Chave :623; OP: 1
Dado:WrZUR; Chave :619; OP: 6
Dado:hFxqm; Chave :599; OP: 27
Dado:ObcqP; Chave :457; OP: 170
Dado:AqMiG; Chave :564; OP: 64
Dado:AkNLn; Chave :489; OP: 140
Dado:Abcba; Chave :629; OP: 1
Dado:PskCf; Chave :399; OP: 232
Dado:uchWu; Chave :631; OP: 1
Dado:ALnHM; Chave :399; OP: 234
Dado:gVILH; Chave :633; OP: 1
Dado:VgIjq; Chave :633; OP: 2
Dado:PeFNi; Chave :599; OP: 37
Dado:mVOFl; Chave :545; OP: 92
Dado:kgNtx; Chave :637; OP: 1
Dado:sxqJm; Chave :399; OP: 240
Dado:iwHMY; Chave :639; OP: 1
Dado:Npsyu; Chave :639; OP: 2
Dado:ExXFk; Chave :639; OP: 3
Dado:uBxOu; Chave :639; OP: 4
Dado:EvRWE; Chave :643; OP: 1
Dado:scMsf; Chave :644; OP: 1
Dado:bJFqb; Chave :639; OP: 7
Dado:JSXvO; Chave :495; OP: 152
Dado:JhqqM; Chave :647; OP: 1
Dado:lrORe; Chave :647; OP: 2
Dado:iZujD; Chave :649; OP: 1
Dado:fsime; Chave :649; OP: 2
Dado:BcNTy; Chave :651; OP: 1
Dado:KRGsF; Chave :649; OP: 4
Dado:OmrDK; Chave :653; OP: 1
Dado:OmrCY; Chave :653; OP: 2
Dado:hmyHq; Chave :655; OP: 1
Dado:trwoO; Chave :655; OP: 2
Dado:kafpZ; Chave :657; OP: 1
Dado:SfqxG; Chave :657; OP: 2
Dado:tUQgD; Chave :659; OP: 1
Dado:tiWSj; Chave :659; OP: 2
Dado:RjiwU; Chave :659; OP: 3
Dado:mRFcV; Chave :659; OP: 4
Dado:ILvFr; Chave :663; OP: 1
Dado:vJfei; Chave :663; OP: 2
Dado:VbtyE; Chave :647; OP: 19
Dado:KWfZE; Chave :549; OP: 118
Dado:WfRoH; Chave :667; OP: 1
Dado:looaZ; Chave :667; OP: 2
Dado:cgnNd; Chave :669; OP: 1
Dado:BqsqI; Chave :669; OP: 2
Dado:quYkS; Chave :668; OP: 4
Dado:Osfju; Chave :669; OP: 4
Dado:hrIxG; Chave :487; OP: 187
Dado:Ciimu; Chave :674; OP: 1
Dado:lFucj; Chave :519; OP: 157
Dado:GTFUY; Chave :479; OP: 198
Dado:dgfUf; Chave :599; OP: 79
Dado:ZnBDd; Chave :399; OP: 280
Dado:ZTgmu; Chave :679; OP: 1
Dado:ZgTCS; Chave :679; OP: 2
Dado:vIxTi; Chave :679; OP: 3
Dado:fkxTy; Chave :679; OP: 4
Dado:vyNSn; Chave :683; OP: 1
Dado:LMunH; Chave :683; OP: 2
Dado:USCvu; Chave :684; OP: 2
Dado:aWxqh; Chave :679; OP: 8
Dado:uDbZB; Chave :687; OP: 1
Dado:rBFbG; Chave :679; OP: 10
Dado:OjBkZ; Chave :683; OP: 7
Dado:NMscq; Chave :689; OP: 2
Dado:OtxLv; Chave :679; OP: 13
Dado:ksuFp; Chave :684; OP: 9
Dado:JMkYr; Chave :685; OP: 9
Dado:oIAvs; Chave :694; OP: 1
Dado:DCBur; Chave :695; OP: 1
Dado:VRZdj; Chave :679; OP: 18
Dado:VoqxZ; Chave :697; OP: 1
Dado:wPTrR; Chave :679; OP: 20
Dado:LKyKq; Chave :699; OP: 1
Dado:vUZPf; Chave :699; OP: 2
Dado:UnRHK; Chave :699; OP: 3
Dado:bRKPu; Chave :699; OP: 4
Dado:ZgnuH; Chave :699; OP: 5
Dado:UIeba; Chave :704; OP: 1
Dado:JGqKR; Chave :701; OP: 5
Dado:Ixvib; Chave :679; OP: 28
Dado:mLWyL; Chave :707; OP: 1
Dado:nnWDc; Chave :699; OP: 10
Dado:pNooy; Chave :695; OP: 15
Dado:OuMRd; Chave :710; OP: 1
Dado:rNVhL; Chave :711; OP: 1
Dado:nvtQJ; Chave :679; OP: 34
Dado:sWWLT; Chave :434; OP: 280
Dado:cAYSs; Chave :714; OP: 1
Dado:ObWVb; Chave :553; OP: 163
Dado:ZlEik; Chave :679; OP: 38
Dado:OQRnD; Chave :717; OP: 1
Dado:BaxXP; Chave :239; OP: 480
Dado:lIPYq; Chave :719; OP: 1
Dado:HWiWo; Chave :719; OP: 2
Dado:ExJqM; Chave :719; OP: 3
Dado:XAeKK; Chave :719; OP: 4
Dado:jmjmN; Chave :723; OP: 1
Dado:yKgiL; Chave :724; OP: 1
Dado:kSxRu; Chave :719; OP: 7
Dado:gTnEC; Chave :719; OP: 8
Dado:pGYkk; Chave :727; OP: 1
Dado:MwyEO; Chave :722; OP: 7
Dado:IxHUt; Chave :719; OP: 11
Dado:gKQeq; Chave :724; OP: 7
Dado:rSVEb; Chave :731; OP: 1
Dado:TjkkR; Chave :727; OP: 6
Dado:mLPsx; Chave :719; OP: 15
Dado:BRMyC; Chave :723; OP: 12
Dado:rLcrL; Chave :735; OP: 1
Dado:kqkCF; Chave :736; OP: 1
Dado:LFGyD; Chave :719; OP: 19
Dado:xYhNf; Chave :719; OP: 20
Dado:yALGw; Chave :739; OP: 1
Dado:sRvXg; Chave :739; OP: 2
Dado:ngNEU; Chave :739; OP: 3
Dado:slaVE; Chave :739; OP: 4
Dado:thyrM; Chave :743; OP: 1
Dado:pTDTv; Chave :743; OP: 2
Dado:YVcEB; Chave :745; OP: 1
Dado:hwwvS; Chave :743; OP: 4
Dado:WlqMk; Chave :747; OP: 1
Dado:AEupi; Chave :744; OP: 5
Dado:AbKAY; Chave :749; OP: 1
Dado:kFKvd; Chave :749; OP: 2
Dado:RhbOk; Chave :743; OP: 9
Dado:JJsyF; Chave :739; OP: 14
Dado:craSf; Chave :741; OP: 13
Dado:scbfG; Chave :729; OP: 26
Dado:HAOEE; Chave :719; OP: 37
Dado:FNESf; Chave :739; OP: 18
Dado:PBJMg; Chave :719; OP: 39
Dado:IOOiK; Chave :592; OP: 167
Dado:rkxIX; Chave :759; OP: 1
Dado:Fproh; Chave :759; OP: 2
Dado:kXnMU; Chave :759; OP: 3
Dado:IPYuf; Chave :759; OP: 4
Dado:wDuvm; Chave :763; OP: 1
Dado:SVNQQ; Chave :763; OP: 2
Dado:mjOyJ; Chave :765; OP: 1
Dado:fNwqE; Chave :763; OP: 4
Dado:VNSkj; Chave :763; OP: 5
Dado:GjDjl; Chave :767; OP: 2
Dado:nGuWH; Chave :769; OP: 1
Dado:fiWeJ; Chave :769; OP: 2
Dado:NOUGO; Chave :769; OP: 3
Dado:ETmmp; Chave :763; OP: 10
Dado:fDqcU; Chave :767; OP: 7
Dado:PvOqZ; Chave :759; OP: 16
Dado:bcXvy; Chave :775; OP: 1
Dado:cJLck; Chave :775; OP: 2
Dado:gbhyu; Chave :775; OP: 3
Dado:LrTeC; Chave :775; OP: 4
Dado:RZQCK; Chave :779; OP: 1
Dado:fkTxV; Chave :775; OP: 6
Dado:ZgrVE; Chave :779; OP: 3
Dado:GqyKy; Chave :782; OP: 1
Dado:TBVDx; Chave :783; OP: 1
Dado:IMUrM; Chave :784; OP: 1
Dado:BYYHZ; Chave :785; OP: 1
Dado:bneIb; Chave :779; OP: 8
Dado:RgNvh; Chave :787; OP: 1
Dado:heETm; Chave :775; OP: 14
Dado:nmyfo; Chave :789; OP: 1
Dado:irkDu; Chave :789; OP: 2
Dado:BtRjQ; Chave :791; OP: 1
Dado:lofJv; Chave :775; OP: 18
Dado:ucvBj; Chave :793; OP: 1
Dado:gmpoE; Chave :423; OP: 372
Dado:vyRrV; Chave :795; OP: 1
Dado:pJRjJ; Chave :615; OP: 182
Dado:VSUQc; Chave :729; OP: 69
Dado:HKyWX; Chave :399; OP: 400
Dado:ZpnWP; Chave :799; OP: 1
Dado:POAJy; Chave :799; OP: 2
Dado:dSjNh; Chave :799; OP: 3
Dado:MWaLo; Chave :802; OP: 1
Dado:WgRDZ; Chave :801; OP: 3
Dado:esxuX; Chave :799; OP: 6
Dado:duTUY; Chave :799; OP: 7
Dado:TBKYj; Chave :799; OP: 8
Dado:BLqMY; Chave :807; OP: 1
Dado:ksemP; Chave :804; OP: 5
Dado:sHUBd; Chave :799; OP: 11
Dado:EkuQS; Chave :810; OP: 1
Dado:Epoja; Chave :807; OP: 5
Dado:rKLtw; Chave :799; OP: 14
Dado:pOdax; Chave :799; OP: 15
Dado:FLZyY; Chave :799; OP: 16
Dado:lbccH; Chave :815; OP: 1
Dado:jpgdK; Chave :815; OP: 2
Dado:RwGaT; Chave :817; OP: 1
Dado:TtrUe; Chave :815; OP: 4
Dado:YZRib; Chave :819; OP: 1
Dado:bnwLU; Chave :819; OP: 2
Dado:XlOMv; Chave :815; OP: 7
Dado:KlDWl; Chave :799; OP: 24
Dado:ShRNq; Chave :823; OP: 1
Dado:sasjX; Chave :824; OP: 1
Dado:HjRpg; Chave :823; OP: 3
Dado:yohnb; Chave :823; OP: 4
Dado:BfOVZ; Chave :827; OP: 1
Dado:yMqir; Chave :820; OP: 9
Dado:FaMGh; Chave :829; OP: 1
Dado:OamiN; Chave :266; OP: 565
Dado:lDNlR; Chave :831; OP: 1
Dado:Ekhvt; Chave :831; OP: 2
Dado:CchZR; Chave :831; OP: 3
Dado:HuDOu; Chave :831; OP: 4
Dado:YoTTP; Chave :835; OP: 1
Dado:YtYXB; Chave :835; OP: 2
Dado:IwJXX; Chave :837; OP: 1
Dado:yRODd; Chave :837; OP: 2
Dado:YqxCN; Chave :839; OP: 1
Dado:ExgDT; Chave :839; OP: 2
Dado:iMhTS; Chave :839; OP: 3
Dado:nohRT; Chave :839; OP: 4
Dado:yCxud; Chave :839; OP: 5
Dado:IosCF; Chave :844; OP: 1
Dado:GxCsg; Chave :839; OP: 7
Dado:xgETO; Chave :839; OP: 8
Dado:jMhpm; Chave :847; OP: 1
Dado:jTUiO; Chave :839; OP: 10
Dado:KqVBm; Chave :849; OP: 1
Dado:wEqMD; Chave :842; OP: 9
Dado:DmyKA; Chave :851; OP: 1
Dado:RByxA; Chave :851; OP: 2
Dado:UoWkg; Chave :844; OP: 10
Dado:ZpIpD; Chave :839; OP: 16
Dado:FJXor; Chave :839; OP: 17
Dado:aaIHa; Chave :856; OP: 1
Dado:NVZOt; Chave :719; OP: 139
Dado:afXhM; Chave :671; OP: 188
Dado:DUWBP; Chave :859; OP: 1
Dado:MfZkC; Chave :859; OP: 2
Dado:ZaRII; Chave :859; OP: 3
Dado:FYRVt; Chave :859; OP: 4
Dado:XkOxT; Chave :863; OP: 1
Dado:saShJ; Chave :864; OP: 1
Dado:LwAMu; Chave :859; OP: 7
Dado:onBWe; Chave :859; OP: 8
Dado:lwRrF; Chave :863; OP: 5
Dado:UMlMA; Chave :859; OP: 10
Dado:iCREc; Chave :869; OP: 1
Dado:JUgeE; Chave :869; OP: 2
Dado:arPoo; Chave :639; OP: 233
Dado:XAsis; Chave :799; OP: 74
Dado:IfYuk; Chave :693; OP: 181
Dado:iaKVn; Chave :874; OP: 1
Dado:LaSjJ; Chave :875; OP: 1
Dado:pRKIX; Chave :799; OP: 78
Dado:mhXYc; Chave :567; OP: 311
Dado:OeexT; Chave :878; OP: 1
Dado:UcHpK; Chave :879; OP: 1
Dado:sHGFK; Chave :879; OP: 2
Dado:tXnSb; Chave :879; OP: 3
Dado:bxqui; Chave :879; OP: 4
Dado:hxjvr; Chave :879; OP: 5
Dado:FDqgZ; Chave :879; OP: 6
Dado:hZSMg; Chave :879; OP: 7
Dado:ESQeu; Chave :886; OP: 1
Dado:Smhew; Chave :887; OP: 1
Dado:MMHPQ; Chave :887; OP: 2
Dado:rXZpJ; Chave :879; OP: 11
Dado:xglYw; Chave :879; OP: 12
Dado:tSYVY; Chave :891; OP: 1
Dado:VQyYC; Chave :885; OP: 8
Dado:AlOvn; Chave :579; OP: 315
Dado:dLYTO; Chave :399; OP: 496
Dado:Yapnb; Chave :895; OP: 1
Dado:CMyqO; Chave :238; OP: 659
Dado:EvwWx; Chave :897; OP: 1
Dado:HVXGk; Chave :895; OP: 4
Dado:KmDnp; Chave :899; OP: 1
Dado:ZJsOI; Chave :899; OP: 2
Dado:modSn; Chave :899; OP: 3
Dado:tiiST; Chave :899; OP: 4
Dado:oYdBW; Chave :899; OP: 5
Dado:Msofl; Chave :904; OP: 1
Dado:taKkn; Chave :899; OP: 7
Dado:BnsPQ; Chave :899; OP: 8
Dado:WlIgB; Chave :907; OP: 1
Dado:AayOl; Chave :904; OP: 5
Dado:irgHO; Chave :909; OP: 1
Dado:JKvpd; Chave :899; OP: 12
Dado:pDkWm; Chave :911; OP: 1
Dado:aIIYQ; Chave :912; OP: 1
Dado:lbvJr; Chave :911; OP: 3
Dado:nyZap; Chave :899; OP: 16
Dado:YwLbW; Chave :915; OP: 1
Dado:bNkCn; Chave :907; OP: 10
Dado:ceRTY; Chave :917; OP: 1
Dado:tbTky; Chave :911; OP: 8
Dado:GwPFX; Chave :919; OP: 1
Dado:wPGWe; Chave :919; OP: 2
Dado:PeJYq; Chave :919; OP: 3
Dado:YebgX; Chave :921; OP: 2
Dado:ZhaVS; Chave :919; OP: 5
Dado:GkaUX; Chave :908; OP: 17
Dado:iFJdP; Chave :899; OP: 27
Dado:IRNXS; Chave :907; OP: 20
Dado:RTQhR; Chave :927; OP: 1
Dado:DNRsC; Chave :927; OP: 2
Dado:JmiYe; Chave :929; OP: 1
Dado:hSOhi; Chave :927; OP: 4
Dado:NVOQD; Chave :931; OP: 1
Dado:ubiJm; Chave :929; OP: 4
Dado:sjYSs; Chave :909; OP: 25
Dado:wiqiJ; Chave :934; OP: 1
Dado:vgTCR; Chave :935; OP: 1
Dado:pCmBd; Chave :935; OP: 2
Dado:ufkUq; Chave :937; OP: 1
Dado:uKVQi; Chave :649; OP: 290
Dado:AotVk; Chave :939; OP: 1
Dado:GnJJr; Chave :939; OP: 2
Dado:ZmJoH; Chave :939; OP: 3
Dado:yUTUD; Chave :939; OP: 4
Dado:HujQU; Chave :943; OP: 1
Dado:emiPT; Chave :944; OP: 1
Dado:BNAvd; Chave :619; OP: 327
Dado:WwckE; Chave :946; OP: 1
Dado:tacSF; Chave :947; OP: 1
Dado:QRtlN; Chave :471; OP: 478
Dado:qAnJk; Chave :949; OP: 1
Dado:jsiDM; Chave :949; OP: 2
Dado:YrKwe; Chave :949; OP: 3
Dado:uYhGY; Chave :951; OP: 2
Dado:bqyjY; Chave :953; OP: 1
Dado:QjKBS; Chave :949; OP: 6
Dado:WTkDe; Chave :955; OP: 1
Dado:tOOwS; Chave :955; OP: 2
Dado:naUWP; Chave :949; OP: 9
Dado:MMGLK; Chave :958; OP: 1
Dado:epPmD; Chave :959; OP: 1
Dado:MQPfr; Chave :959; OP: 2
Dado:bxGuT; Chave :959; OP: 3
Dado:eaOww; Chave :962; OP: 1
Dado:yIlZE; Chave :963; OP: 1
Dado:OvyBq; Chave :961; OP: 4
Dado:aktpI; Chave :963; OP: 3
Dado:vXNjU; Chave :951; OP: 16
Dado:EpQhD; Chave :967; OP: 1
Dado:XEEZK; Chave :967; OP: 2
Dado:FGeUS; Chave :969; OP: 1
Dado:CGgEj; Chave :970; OP: 1
Dado:gBrUq; Chave :971; OP: 1
Dado:ZyIhn; Chave :969; OP: 4
Dado:aYZZi; Chave :969; OP: 5
Dado:yIZkE; Chave :969; OP: 6
Dado:bHGsr; Chave :975; OP: 1
Dado:MtJpd; Chave :967; OP: 10
Dado:EJqyl; Chave :977; OP: 1
Dado:hjRWv; Chave :967; OP: 12
Dado:MVZVN; Chave :979; OP: 1
Dado:YTixi; Chave :979; OP: 2
Dado:kvkFA; Chave :981; OP: 1
Dado:wEGlx; Chave :980; OP: 3
Dado:NkhdW; Chave :983; OP: 1
Dado:hJOfG; Chave :983; OP: 2
Dado:uJuwb; Chave :985; OP: 1
Dado:XNQxl; Chave :983; OP: 4
Dado:UbjTY; Chave :979; OP: 9
Dado:NCThM; Chave :983; OP: 6
Dado:QaFQj; Chave :989; OP: 1
Dado:YZcoZ; Chave :989; OP: 2
Dado:LCLHJ; Chave :991; OP: 1
Dado:JhfOk; Chave :991; OP: 2
Dado:JIaDO; Chave :993; OP: 1
Dado:ltYNH; Chave :991; OP: 4
Dado:YyAGw; Chave :984; OP: 12
Dado:IIRSC; Chave :977; OP: 20
Dado:aIoxT; Chave :990; OP: 8
Dado:EmwmT; Chave :998; OP: 1
Dado:BmCSG; Chave :997; OP: 3
BUSCAS SIMULADAS - Tentativas(500):;;
Nenhum dos dados gerados Aleatoriamente foram encontrados na tabela.;;
0- Dado gerado: oQBZo;;
1- Dado gerado: VIBuY;;
2- Dado gerado: GpGWW;;
3- Dado gerado: LYANN;;
4- Dado gerado: gpFOO;;
5- Dado gerado: HEjnh;;
6- Dado gerado: GAgci;;
7- Dado gerado: jhLvF;;
8- Dado gerado: VwbuR;;
9- Dado gerado: kOXWH;;
10- Dado gerado: MJrah;;
11- Dado gerado: vGYhO;;
12- Dado gerado: CwBZl;;
13- Dado gerado: kVgwq;;
14- Dado gerado: RUBZW;;
15- Dado gerado: DOPmI;;
16- Dado gerado: IpLmB;;
17- Dado gerado: RAULQ;;
18- Dado gerado: Yamsd;;
19- Dado gerado: mRIqr;;
20- Dado gerado: trwIX;;
21- Dado gerado: QJhZS;;
22- Dado gerado: YUKjQ;;
23- Dado gerado: UwEvi;;
24- Dado gerado: XnIEb;;
25- Dado gerado: LFGKM;;
26- Dado gerado: TVCqA;;
27- Dado gerado: okJpB;;
28- Dado gerado: YjCIL;;
29- Dado gerado: ddabt;;
30- Dado gerado: CXWFQ;;
31- Dado gerado: UcBnH;;
32- Dado gerado: CceDL;;
33- Dado gerado: sZRWy;;
34- Dado gerado: WlxHG;;
35- Dado gerado: xtqVm;;
36- Dado gerado: CmNdH;;
37- Dado gerado: ykXqF;;
38- Dado gerado: McPJh;;
39- Dado gerado: RpFZS;;
40- Dado gerado: jwVuA;;
41- Dado gerado: UsAVS;;
42- Dado gerado: FjwXY;;
43- Dado gerado: aAKFK;;
44- Dado gerado: cdukY;;
45- Dado gerado: diGlX;;
46- Dado gerado: LObQQ;;
47- Dado gerado: MfddS;;
48- Dado gerado: dgcBs;;
49- Dado gerado: EAbUy;;
50- Dado gerado: YAmOA;;
51- Dado gerado: JqvpA;;
52- Dado gerado: Wbawd;;
53- Dado gerado: OmxAE;;
54- Dado gerado: vtyio;;
55- Dado gerado: DHmKV;;
56- Dado gerado: xxTjm;;
57- Dado gerado: DphSw;;
58- Dado gerado: UCDwd;;
59- Dado gerado: xVpdK;;
60- Dado gerado: qZYHU;;
61- Dado gerado: HQNXV;;
62- Dado gerado: FGdaX;;
63- Dado gerado: aKlDo;;
64- Dado gerado: qvrOi;;
65- Dado gerado: pMgQl;;
66- Dado gerado: etTxo;;
67- Dado gerado: QMwtk;;
68- Dado gerado: pmLCp;;
69- Dado gerado: VElYb;;
70- Dado gerado: qHNZv;;
71- Dado gerado: Rbhcj;;
72- Dado gerado: lFUJC;;
73- Dado gerado: vFagP;;
74- Dado gerado: CNGEG;;
75- Dado gerado: dYxwW;;
76- Dado gerado: xXQyG;;
77- Dado gerado: OBoNt;;
78- Dado gerado: HEdKF;;
79- Dado gerado: iHhnX;;
80- Dado gerado: VBjKG;;
81- Dado gerado: HoGEg;;
82- Dado gerado: sLOKy;;
83- Dado gerado: GELNi;;
84- Dado gerado: uSBRZ;;
85- Dado gerado: RAmxl;;
86- Dado gerado: psnfV;;
87- Dado gerado: vSQZy;;
88- Dado gerado: JsVkW;;
89- Dado gerado: DYVap;;
90- Dado gerado: sJIGv;;
91- Dado gerado: ZFDoT;;
92- Dado gerado: TkthB;;
93- Dado gerado: Ylrdk;;
94- Dado gerado: PIabw;;
95- Dado gerado: tQNkk;;
96- Dado gerado: OAUaC;;
97- Dado gerado: BwOiF;;
98- Dado gerado: ZYyUK;;
99- Dado gerado: xXSVM;;
100- Dado gerado: dURcZ;;
101- Dado gerado: MkuuK;;
102- Dado gerado: NodrF;;
103- Dado gerado: YluTY;;
104- Dado gerado: TcMAN;;
105- Dado gerado: ngfMf;;
106- Dado gerado: cdsxB;;
107- Dado gerado: CYKsO;;
108- Dado gerado: fEXMI;;
109- Dado gerado: huCYn;;
110- Dado gerado: swEuk;;
111- Dado gerado: lTevk;;
112- Dado gerado: FjyWm;;
113- Dado gerado: DtakT;;
114- Dado gerado: Kouxw;;
115- Dado gerado: nFQIa;;
116- Dado gerado: fVZZF;;
117- Dado gerado: iehuj;;
118- Dado gerado: lgWdi;;
119- Dado gerado: TJtGu;;
120- Dado gerado: EdvUf;;
121- Dado gerado: fYbZK;;
122- Dado gerado: YdwXv;;
123- Dado gerado: JQqqF;;
124- Dado gerado: MateI;;
125- Dado gerado: CMikR;;
126- Dado gerado: tNHyj;;
127- Dado gerado: QKjrE;;
128- Dado gerado: xCgFJ;;
129- Dado gerado: HWIVN;;
130- Dado gerado: BZOtX;;
131- Dado gerado: wrrnB;;
132- Dado gerado: tHPLw;;
133- Dado gerado: YmoYn;;
134- Dado gerado: TFgMc;;
135- Dado gerado: EmQtl;;
136- Dado gerado: YlpVC;;
137- Dado gerado: MoyNV;;
138- Dado gerado: aqxxk;;
139- Dado gerado: JZiZv;;
140- Dado gerado: MVOcG;;
141- Dado gerado: cjcpC;;
142- Dado gerado: vvoRJ;;
143- Dado gerado: sNuSn;;
144- Dado gerado: xjHDZ;;
145- Dado gerado: MUSCp;;
146- Dado gerado: JIMny;;
147- Dado gerado: vBcrb;;
148- Dado gerado: CWyuf;;
149- Dado gerado: jroAm;;
150- Dado gerado: GZNYW;;
151- Dado gerado: kcHBP;;
152- Dado gerado: KfKTF;;
153- Dado gerado: WmxUi;;
154- Dado gerado: dutZN;;
155- Dado gerado: uvODX;;
156- Dado gerado: CZPds;;
157- Dado gerado: BcuAu;;
158- Dado gerado: YsCiX;;
159- Dado gerado: DpFNY;;
160- Dado gerado: gYfkq;;
161- Dado gerado: GlSLm;;
162- Dado gerado: dRbic;;
163- Dado gerado: HAncs;;
164- Dado gerado: RaPoa;;
165- Dado gerado: IPTeu;;
166- Dado gerado: yWgaa;;
167- Dado gerado: OkmCK;;
168- Dado gerado: eYYwn;;
169- Dado gerado: EZfiH;;
170- Dado gerado: DEZet;;
171- Dado gerado: kkWoq;;
172- Dado gerado: UfUwB;;
173- Dado gerado: xRGuW;;
174- Dado gerado: iegqr;;
175- Dado gerado: GPuvN;;
176- Dado gerado: RdhBM;;
177- Dado gerado: CrcSs;;
178- Dado gerado: tpwiu;;
179- Dado gerado: wuPrM;;
180- Dado gerado: cxryv;;
181- Dado gerado: gYCXB;;
182- Dado gerado: XJxRI;;
183- Dado gerado: WWQVl;;
184- Dado gerado: GZtae;;
185- Dado gerado: ltqyB;;
186- Dado gerado: kLyPs;;
187- Dado gerado: EJgaE;;
188- Dado gerado: LKKsm;;
189- Dado gerado: CRTvX;;
190- Dado gerado: gtVih;;
191- Dado gerado: YjHWh;;
192- Dado gerado: CCGsv;;
193- Dado gerado: bdCkt;;
194- Dado gerado: YdXDu;;
195- Dado gerado: KjhLI;;
196- Dado gerado: ciCGq;;
197- Dado gerado: HvAIx;;
198- Dado gerado: VPDSE;;
199- Dado gerado: noxlO;;
200- Dado gerado: LuVuH;;
201- Dado gerado: JBgxi;;
202- Dado gerado: PyxCB;;
203- Dado gerado: hEfrP;;
204- Dado gerado: nQecF;;
205- Dado gerado: bpMrc;;
206- Dado gerado: BHnxu;;
207- Dado gerado: HDjSD;;
208- Dado gerado: sSDYJ;;
209- Dado gerado: dXsuU;;
210- Dado gerado: YvDBG;;
211- Dado gerado: SlbOY;;
212- Dado gerado: VyJXi;;
213- Dado gerado: EqPOF;;
214- Dado gerado: gkJlS;;
215- Dado gerado: KsXkl;;
216- Dado gerado: CgCGS;;
217- Dado gerado: BjbBl;;
218- Dado gerado: UwSID;;
219- Dado gerado: XSSap;;
220- Dado gerado: PxZSo;;
221- Dado gerado: jUltU;;
222- Dado gerado: GcUMg;;
223- Dado gerado: ZDCvA;;
224- Dado gerado: pSxhO;;
225- Dado gerado: hMefZ;;
226- Dado gerado: HWQnV;;
227- Dado gerado: uqxHx;;
228- Dado gerado: ULuXP;;
229- Dado gerado: aqubA;;
230- Dado gerado: dliaj;;
231- Dado gerado: HbiLV;;
232- Dado gerado: HYHju;;
233- Dado gerado: fGjyP;;
234- Dado gerado: NOTFJ;;
235- Dado gerado: mRAgv;;
236- Dado gerado: kmikh;;
237- Dado gerado: SrReP;;
238- Dado gerado: vOext;;
239- Dado gerado: InonC;;
240- Dado gerado: sRxbO;;
241- Dado gerado: qZoaK;;
242- Dado gerado: ddbFA;;
243- Dado gerado: uwdqC;;
244- Dado gerado: OUMxc;;
245- Dado gerado: bdpXJ;;
246- Dado gerado: egtgQ;;
247- Dado gerado: FQOIR;;
248- Dado gerado: VuBMV;;
249- Dado gerado: vUuBk;;
250- Dado gerado: hVjkp;;
251- Dado gerado: Ruloj;;
252- Dado gerado: NPMCk;;
253- Dado gerado: FgTAx;;
254- Dado gerado: cAZFy;;
255- Dado gerado: PQPwV;;
256- Dado gerado: GSXCE;;
257- Dado gerado: jdJNh;;
258- Dado gerado: huUly;;
259- Dado gerado: SmAMj;;
260- Dado gerado: FsPle;;
261- Dado gerado: rwnXC;;
262- Dado gerado: WQEnX;;
263- Dado gerado: ycmpg;;
264- Dado gerado: mOAdk;;
265- Dado gerado: STUtE;;
266- Dado gerado: qSgUy;;
267- Dado gerado: Dutcc;;
268- Dado gerado: fubmK;;
269- Dado gerado: PokKP;;
270- Dado gerado: BUXjZ;;
271- Dado gerado: ykTqr;;
272- Dado gerado: EIZew;;
273- Dado gerado: SGMwI;;
274- Dado gerado: CJkeX;;
275- Dado gerado: OTHrk;;
276- Dado gerado: QWDyd;;
277- Dado gerado: SRcbw;;
278- Dado gerado: lHJWw;;
279- Dado gerado: yYqau;;
280- Dado gerado: ssFwR;;
281- Dado gerado: EgkLJ;;
282- Dado gerado: KbrqZ;;
283- Dado gerado: QGSLl;;
284- Dado gerado: mDteK;;
285- Dado gerado: UVSmJ;;
286- Dado gerado: RkURV;;
287- Dado gerado: Krirc;;
288- Dado gerado: bZZdw;;
289- Dado gerado: XPdFR;;
290- Dado gerado: UJEDy;;
291- Dado gerado: OYMgi;;
292- Dado gerado: jhfOH;;
293- Dado gerado: rZRdd;;
294- Dado gerado: xtKVv;;
295- Dado gerado: TYYSe;;
296- Dado gerado: pnJrY;;
297- Dado gerado: eOgKH;;
298- Dado gerado: IVjwe;;
299- Dado gerado: GsLlD;;
300- Dado gerado: KIFay;;
301- Dado gerado: lEaRv;;
302- Dado gerado: jcyOM;;
303- Dado gerado: LjpxZ;;
304- Dado gerado: piVgG;;
305- Dado gerado: NELaB;;
306- Dado gerado: ixoKu;;
307- Dado gerado: hVZhy;;
308- Dado gerado: cqIZy;;
309- Dado gerado: cyTIJ;;
310- Dado gerado: MKRAV;;
311- Dado gerado: UQgkI;;
312- Dado gerado: sQuBA;;
313- Dado gerado: taeql;;
314- Dado gerado: xnsIX;;
315- Dado gerado: HRWoA;;
316- Dado gerado: ttgDW;;
317- Dado gerado: OnwhH;;
318- Dado gerado: vfVXX;;
319- Dado gerado: wQISF;;
320- Dado gerado: MLMFZ;;
321- Dado gerado: OPtGr;;
322- Dado gerado: BQvAf;;
323- Dado gerado: VYDVj;;
324- Dado gerado: EKmlT;;
325- Dado gerado: MpwDs;;
326- Dado gerado: QiTnn;;
327- Dado gerado: eVhWm;;
328- Dado gerado: hAlOn;;
329- Dado gerado: XYGyg;;
330- Dado gerado: sJeLr;;
331- Dado gerado: WeXFq;;
332- Dado gerado: WUIEi;;
333- Dado gerado: EloWV;;
334- Dado gerado: iTmSD;;
335- Dado gerado: AZIaT;;
336- Dado gerado: LDGQy;;
337- Dado gerado: ELquc;;
338- Dado gerado: wINeM;;
339- Dado gerado: vtyvv;;
340- Dado gerado: jaEXK;;
341- Dado gerado: jmZCD;;
342- Dado gerado: VPSIr;;
343- Dado gerado: WphNG;;
344- Dado gerado: PNQtd;;
345- Dado gerado: tFYfm;;
346- Dado gerado: nqoOT;;
347- Dado gerado: CUZsI;;
348- Dado gerado: kfgxP;;
349- Dado gerado: ZaxNt;;
350- Dado gerado: jgQgW;;
351- Dado gerado: fASOW;;
352- Dado gerado: AqalO;;
353- Dado gerado: TVMkV;;
354- Dado gerado: kGQkI;;
355- Dado gerado: nDWeC;;
356- Dado gerado: dtQTy;;
357- Dado gerado: FwuLn;;
358- Dado gerado: idcrZ;;
359- Dado gerado: gJlkb;;
360- Dado gerado: xFCPR;;
361- Dado gerado: JVnHB;;
362- Dado gerado: KxHBq;;
363- Dado gerado: BQlAF;;
364- Dado gerado: xfbQy;;
365- Dado gerado: dJctq;;
366- Dado gerado: wBkfr;;
367- Dado gerado: obulM;;
368- Dado gerado: IOger;;
369- Dado gerado: iXyBE;;
370- Dado gerado: ZkXFr;;
371- Dado gerado: ubHTc;;
372- Dado gerado: dkgqh;;
373- Dado gerado: hNtMA;;
374- Dado gerado: uWabi;;
375- Dado gerado: vlljG;;
376- Dado gerado: DxNOU;;
377- Dado gerado: uZrXb;;
378- Dado gerado: WXEJZ;;
379- Dado gerado: OvFlJ;;
380- Dado gerado: HxUUJ;;
381- Dado gerado: nsViv;;
382- Dado gerado: VLMgm;;
383- Dado gerado: VHIyt;;
384- Dado gerado: dZxDh;;
385- Dado gerado: MdHXU;;
386- Dado gerado: GcNwX;;
387- Dado gerado: tagBU;;
388- Dado gerado: SbQGv;;
389- Dado gerado: AjKvs;;
390- Dado gerado: XKinS;;
391- Dado gerado: xtYVj;;
392- Dado gerado: dvNtr;;
393- Dado gerado: MUgEh;;
394- Dado gerado: cjndO;;
395- Dado gerado: pGeRB;;
396- Dado gerado: Xlxtt;;
397- Dado gerado: eMgni;;
398- Dado gerado: heqwP;;
399- Dado gerado: QYywV;;
400- Dado gerado: WiDxf;;
401- Dado gerado: Wmfqt;;
402- Dado gerado: mIERU;;
403- Dado gerado: pnDNj;;
404- Dado gerado: KEfqZ;;
405- Dado gerado: sSEmJ;;
406- Dado gerado: FOtDC;;
407- Dado gerado: QRKwJ;;
408- Dado gerado: Lkkqv;;
409- Dado gerado: RISiK;;
410- Dado gerado: XYJgu;;
411- Dado gerado: aqBCL;;
412- Dado gerado: Lwcfc;;
413- Dado gerado: oUKDu;;
414- Dado gerado: nndlb;;
415- Dado gerado: nwDMh;;
416- Dado gerado: LQToP;;
417- Dado gerado: aaCIB;;
418- Dado gerado: aRrVK;;
419- Dado gerado: OVjhV;;
420- Dado gerado: CRsEX;;
421- Dado gerado: DERai;;
422- Dado gerado: UiRXZ;;
423- Dado gerado: mHPut;;
424- Dado gerado: IyVld;;
425- Dado gerado: HGdqk;;
426- Dado gerado: adoUw;;
427- Dado gerado: bxLFd;;
428- Dado gerado: cSmMD;;
429- Dado gerado: ayLQs;;
430- Dado gerado: MlIbs;;
431- Dado gerado: SgZph;;
432- Dado gerado: BAjUt;;
433- Dado gerado: pPcXH;;
434- Dado gerado: lxXPj;;
435- Dado gerado: wOQSu;;
436- Dado gerado: ocEdF;;
437- Dado gerado: BeNKn;;
438- Dado gerado: aKDNY;;
439- Dado gerado: Oqlsv;;
440- Dado gerado: ovlUQ;;
441- Dado gerado: yodIx;;
442- Dado gerado: QFJPi;;
443- Dado gerado: hUkyj;;
444- Dado gerado: wMPbW;;
445- Dado gerado: YJUBJ;;
446- Dado gerado: qGMCK;;
447- Dado gerado: qdBGN;;
448- Dado gerado: kPxVo;;
449- Dado gerado: vLfJs;;
450- Dado gerado: peCUm;;
451- Dado gerado: bQbjM;;
452- Dado gerado: JyDqK;;
453- Dado gerado: SiTJj;;
454- Dado gerado: EWBfh;;
455- Dado gerado: MmpLN;;
456- Dado gerado: MchJE;;
457- Dado gerado: QIbul;;
458- Dado gerado: XKbgR;;
459- Dado gerado: nSbie;;
460- Dado gerado: STOCu;;
461- Dado gerado: NFTlP;;
462- Dado gerado: SsQJn;;
463- Dado gerado: yCISZ;;
464- Dado gerado: rZnvF;;
465- Dado gerado: ipZDy;;
466- Dado gerado: FogTF;;
467- Dado gerado: cTcUJ;;
468- Dado gerado: xyYja;;
469- Dado gerado: UpbQR;;
470- Dado gerado: SgsEJ;;
471- Dado gerado: eyJpm;;
472- Dado gerado: aqGNj;;
473- Dado gerado: RsxrC;;
474- Dado gerado: ZeRDj;;
475- Dado gerado: JeUNY;;
476- Dado gerado: hmGGw;;
477- Dado gerado: pSXdl;;
478- Dado gerado: mQHGN;;
479- Dado gerado: JAfEb;;
480- Dado gerado: RLPaq;;
481- Dado gerado: UYqxa;;
482- Dado gerado: oPnKv;;
483- Dado gerado: ciAEj;;
484- Dado gerado: ITWhJ;;
485- Dado gerado: HfgXE;;
486- Dado gerado: MtAqA;;
487- Dado gerado: kNGsx;;
488- Dado gerado: sLHiW;;
489- Dado gerado: NXxuY;;
490- Dado gerado: tqpPq;;
491- Dado gerado: TNPQv;;
492- Dado gerado: gOSYR;;
493- Dado gerado: cBWqj;;
494- Dado gerado: fBYQO;;
495- Dado gerado: lwRyS;;
496- Dado gerado: jxtAx;;
497- Dado gerado: KiSBS;;
498- Dado gerado: bwtRn;;
499- Dado gerado: EoAVj;;
Busca manual realiazda: ;;
0- Dado [PNQtd];;
1- Dado [adoUw];;
2- Dado [testO];;
3- Dado [HfgXE];;
4- Dado [Npsyu];;
5- Dado [FIRHl];;
6- Dado [DyseM];;
7- Dado [yihns];;
8- Dado [ZnBDd];;
9- Dado [QRtlN];;
10- Dado [vUslL];;
11- Dado [ufkUq];;
12- Dado [Osfju];;
13- Dado [QaFQj];;
14- Dado [JCiPr];;
15- Dado [NViOw];;
16- Dado [EGKPJ];;
17- Dado [nPAlV];;
18- Dado [yVENl];;
19- Dado [kYMwV];;
Busca-->Dado nao encontrado [PNQtd];;
Busca-->Dado nao encontrado [adoUw];;
Busca-->Dado nao encontrado [testO];;
Busca-->Dado nao encontrado [HfgXE];;
Dado: Npsyu Chave : 639 OP : 2;;
Dado: FIRHl Chave : 19 OP : 5;;
Dado: DyseM Chave : 219 OP : 2;;
Dado: yihns Chave : 319 OP : 8;;
Dado: ZnBDd Chave : 399 OP : 280;;
Dado: QRtlN Chave : 471 OP : 478;;
Dado: vUslL Chave : 449 OP : 1;;
Dado: ufkUq Chave : 937 OP : 1;;
Dado: Osfju Chave : 669 OP : 4;;
Dado: QaFQj Chave : 989 OP : 1;;
Dado: JCiPr Chave : 589 OP : 8;;
Dado: NViOw Chave : 339 OP : 2;;
Dado: EGKPJ Chave : 424 OP : 1;;
Dado: nPAlV Chave : 0 OP : 1;;
Dado: yVENl Chave : 13 OP : 2;;
Dado: kYMwV Chave : 270 OP : 1;;
